-1.788718412215411160e-10,-1.139409250998460049e-01,-2.773256115929410214e-27,-6.851525116023899207e-08,2.827804268462682933e-06,-6.699364341095789851e-37,9.211201318646766657e-05,1.686167262137507463e-17,-3.712768745292703643e-44,-8.192557792405173430e-04,-4.227073199016037136e-08,-1.678321213036828852e-01,-4.906109526388418117e-16,9.211201318646766657e-05,8.848163712970361385e-16,2.177440669361984252e-21,9.178367115107236517e-26,-1.945477380093798957e-22,-1.019936263381357042e-36,-5.883245552959456788e-49
-1.330513865995965778e-13,-3.778180540508899732e-01,-8.707228000384187627e-33,-3.052052573489676165e-10,-8.058664154228914902e-07,-1.420308876969755036e-42,-3.446886780744398272e-06,-6.451445746761956236e-21,-2.506329675330877353e-51,-1.651824907855050555e-03,-5.281141498276180715e-11,-1.315509833026975647e-02,-1.967143343069594893e-20,-3.446886780744398272e-06,-4.436507529738100579e-18,7.040413485663371996e-22,-2.152722071451473738e-28,-1.390788493606766128e-27,6.904766926665628664e-42,-1.087505542982124189e-56
-7.462736986192191872e-11,-2.766512372150172760e-01,-2.521411890101653387e-28,-4.644707580011240386e-08,-1.799847827621899708e-06,-1.461523952163273854e-37,-4.397504184525669589e-05,-7.465293379393274060e-18,-1.316844998033208523e-45,1.671375400046270967e-03,-1.243172281928697435e-08,-4.952942413854626025e-02,-5.802599079726434258e-17,-4.397504184525669589e-05,-2.295702752392323748e-16,-1.373310403897917539e-21,-1.785769097248335817e-26,-4.690476860380716429e-23,-5.816807157128727103e-39,-5.302750394946967673e-51
-1.285279401608765125e-12,3.834827904398759729e-02,-1.198928224996829745e-31,8.138188295825725966e-09,2.028933349683712206e-05,1.020210978673662522e-39,1.241814165811544555e-04,2.000017360721672639e-18,-8.670203260196894601e-52,1.313000006384931306e-04,-1.494986805149011530e-10,7.292159654451845462e-03,1.962768110507595016e-20,1.241814165811544555e-04,3.289519686779048888e-15,1.626398897233673573e-19,8.480064128450643168e-25,1.421662255700594150e-27,3.316478800057803499e-43,6.176416584411226957e-56
-8.799912257395368259e-11,2.642706450604936363e-01,-5.878948642540376233e-28,-4.609506911707217803e-08,-2.388292893133019937e-04,-1.811916547059516095e-37,-4.530948956633399450e-05,-7.384451729241281989e-18,-4.164617461277612005e-45,-1.053435238620889502e-02,-7.427138352324257065e-02,3.844719225510153660e-01,-1.318811409004668034e-16,-4.530948956633399450e-05,-2.504065919163180520e-16,-1.371246488150093179e-21,-1.999393054705376908e-26,-3.184191512839290534e-23,-1.347362419803396265e-37,-4.115024835158028449e-50
9.082187624160949203e-11,2.486021491220803403e-01,2.055585708986069222e-28,8.155582120065598245e-08,3.225638659977662186e-06,2.562087498274492715e-37,1.019280511010293094e-04,2.201326342510516808e-17,5.471233286591119523e-46,1.647923404201451529e-03,1.555077568642813110e-08,5.342545102562335640e-02,3.600519804941143473e-17,1.019280511010293094e-04,1.049353450110786001e-15,3.729773733608339624e-21,1.116276575270394789e-25,5.474408761473593101e-25,1.000682411470541253e-40,3.280115123865533578e-52
-5.799412443867105653e-12,-2.088468738897405197e-01,-2.807722237861119794e-30,-7.795748175952807351e-09,-1.714560792189740816e-06,-1.423845465979094677e-39,-2.483174965340112961e-05,-6.801950343529326772e-19,-2.845921289797699349e-48,1.787939012261737090e-03,-1.437793828080483709e-09,-2.748639539526264580e-02,-1.507049526285820709e-18,-2.483174965340112961e-05,-9.866033198287489144e-17,-1.306920309729643675e-21,-7.224242068950117690e-27,-3.916969393710381740e-26,-2.460032909030754365e-41,-3.866060297880650731e-54
-3.263718223679891168e-11,-1.836097475221054320e-01,-2.586375272183381465e-25,-1.128616975018060459e-08,2.778209612224331917e-05,-8.435535831438676493e-38,3.396529161710082600e-05,-4.549408247817292995e-19,-2.824483520959371993e-46,1.754630253288626208e-04,4.578015159174490987e-07,-3.939863202773745410e-02,-1.817732686803226369e-17,3.396529161710082600e-05,9.815432920986859170e-16,1.268057275300051216e-18,1.029984262748786917e-25,-4.012363462976229244e-25,0.000000000000000000e+00,-2.129859213726461206e-52
3.869111134643018813e-10,-2.845225268707857746e-01,-1.015696576692069871e-27,-8.474319259434311203e-09,6.352506599011874255e-02,-6.586592175548721545e-38,-2.534404789109658221e-05,-3.531565070957554336e-19,-1.923602080861148476e-44,-3.200895304454963019e-03,-1.795608158107791757e-08,-2.037450691405947867e-01,-3.206863819196283771e-16,-2.534404789109658221e-05,-1.018940899188578223e-16,-1.310694090274963630e-21,-7.489851391572048019e-27,-9.761553236881968785e-22,-7.806494525935232749e-35,-2.608636610855415673e-48
1.515075993117130093e-13,-3.767852926314113060e-01,1.100182042988710899e-32,3.314334748884007037e-10,8.082491972609996502e-07,1.773900450702098557e-42,-3.516744826644017692e-06,7.095182864763255568e-21,3.416370130214789075e-51,1.092701102051369354e-02,5.987395576508033605e-11,1.386110536090606228e-02,2.391203713810127697e-20,-3.516744826644017692e-06,-4.554842915239206488e-18,7.012400764706035500e-22,2.210475535751458279e-28,1.683668668272075490e-27,3.407530299546418650e-40,1.476698790022090787e-56
1.250563088444349898e-13,1.043598193501937138e-01,7.905145273706405270e-33,2.899820447952843541e-10,-1.505113580876011187e-07,1.271427021535304721e-42,-3.595970944746570129e-04,6.009844810320543553e-21,2.224522738121220867e-51,-1.933396337749323070e-03,4.996514996891393361e-11,1.343374100933760439e-02,1.834540869448598810e-20,-3.595970944746570129e-04,9.253457372721096706e-19,-2.334361243686474142e-22,2.708192407798580213e-29,1.554477662732040968e-27,-2.357368103934446221e-41,1.181628542400188214e-56
0.000000000000000000e+00,0.000000000000000000e+00,0.000000000000000000e+00,0.000000000000000000e+00,0.000000000000000000e+00,0.000000000000000000e+00,0.000000000000000000e+00,0.000000000000000000e+00,0.000000000000000000e+00,-0.000000000000000000e+00,0.000000000000000000e+00,-0.000000000000000000e+00,0.000000000000000000e+00,0.000000000000000000e+00,0.000000000000000000e+00,0.000000000000000000e+00,0.000000000000000000e+00,-0.000000000000000000e+00,-0.000000000000000000e+00,0.000000000000000000e+00
2.004464885259235151e-07,1.304776349083975606e-01,-7.809581329378776979e-33,2.731183294599534639e-10,1.623162719206179215e-08,-1.178461573568080075e-42,1.210578676386205142e-06,5.416356653864835046e-21,-2.254707754730228869e-51,1.654871267955835938e-03,-4.904926180229569276e-11,-1.306358532021497168e-02,-1.845282110006183839e-20,1.210578676386205142e-06,1.163513585761007501e-18,-6.649933469379202825e-23,4.491080661911865842e-29,-1.363162873227457349e-27,-1.591129015096852340e-41,-1.037473633370092739e-56
-5.930326154058411461e-12,4.204549994829711451e-02,1.145897114700543940e-30,-1.750864595133272060e-08,-2.041718435420128186e-05,-2.360941550610887270e-39,-1.260120963129862583e-04,-4.225997361413421685e-18,-3.748704995415529746e-49,5.518655485767176778e-05,-1.055120771969519613e-09,-5.569870593249724722e-03,-3.237331495065417670e-19,-1.260120963129862583e-04,-3.379359721520719710e-15,1.621998838721203314e-19,-8.766504863172823747e-25,-8.807582258238655520e-28,-1.375128702861159866e-44,-5.124895010561513338e-56
9.567265329593790762e-12,1.660270820582681120e-02,2.727212230938326561e-30,1.757783404749421741e-02,2.024148225334901821e-05,5.444928844507921882e-39,1.350787552185897967e-04,6.285267377226433873e-18,1.570704609356491857e-48,1.381891940218633148e-04,1.678499521798212769e-09,1.688021532103630568e-02,9.328356581948398138e-19,1.350787552185897967e-04,3.465915405623218023e-15,1.620060185817675624e-19,8.387530587387653431e-25,3.635848803240332260e-27,5.795765100017593410e-43,2.295768516593341280e-55
3.276058421898532314e-12,-4.308007199251533137e-02,9.226080522468606165e-31,5.408785005109061978e-09,-6.180242975093804437e-05,3.052993630189755613e-39,-6.470597013118199639e-05,5.030962829346286210e-19,4.252199625909720460e-49,1.378800582654773779e-04,5.351637485085730863e-10,1.694710809588427514e-02,2.438756189204894708e-19,-6.470597013118199639e-05,-7.941726202176792708e-15,-1.295557943135345829e-18,-4.502656189846812329e-24,3.700136019788558377e-27,5.821091640711797518e-43,2.236720304271458215e-55
-2.872764362507776773e-11,-3.379112506926248427e-01,-3.075612219080281829e-28,7.849411365407854500e-09,-9.942958957651235788e-07,-2.052461898657873360e-38,3.030961788282963802e-06,5.561989746350684138e-19,-3.831118813246494700e-45,-3.180562330436082635e-03,-1.007147958534526659e-08,-1.684462226549491848e-01,-1.228588162096375174e-16,3.030961788282963802e-06,5.094853568359405145e-18,-7.590326938365839305e-22,1.865802940101675511e-28,-2.785165604495777215e-22,2.222011834203799460e-35,-4.025176584082117319e-49
-3.038435856529900018e-08,3.063078028871918379e-01,4.583122831944654416e-27,1.492915625795548765e-06,6.168335314224932854e-06,1.155270515518354110e-35,-3.518338688390433718e-04,-3.605832016798679082e-16,2.475040816690417031e-44,-6.680096110171882418e-04,8.334015507010338181e-08,7.024942382986903988e-02,3.439094989793705209e-16,-3.518338688390433718e-04,-1.039829495329536496e-14,7.231145409644503604e-21,1.837926536753275761e-24,3.011512657001182691e-24,-2.170440569000787561e-39,7.365379277885649416e-51
2.731121332853120072e-11,-3.367812866851022657e-01,1.856590198624056548e-28,2.315679700004052355e-08,-2.895595083076721616e-06,7.182457391808717805e-38,-9.639928165116968194e-05,5.635566731631725824e-18,4.842207449486954432e-46,-6.048793436057012853e-05,4.749535330082128902e-09,5.295494124787712004e-02,3.349026824034994481e-17,-9.639928165116968194e-05,-9.506311213000920980e-16,-2.283248190442458484e-21,-9.921123453658924959e-26,5.203990730225151523e-25,9.945572787452885072e-41,2.985751581641594981e-52
-6.126003318145895666e-12,4.027958268417265036e-02,-1.591161240589414805e-30,1.712993805506321833e-08,2.020611383592448804e-05,2.261560164234109126e-39,1.238393660155322998e-04,4.080013298770400959e-18,-8.979425816809126085e-49,-6.629909173788920015e-05,-1.210607958990626272e-09,-1.694228415629771625e-02,-6.828640276411733336e-19,1.238393660155322998e-04,3.271732422940753917e-15,1.614774938805306940e-19,8.421457457396558963e-25,-3.693373613075842762e-27,-5.808004073538672948e-43,-2.226116618023971467e-55
-4.154310555775664515e-14,-4.086607117515139165e-01,-1.546808210624099458e-33,-1.092495409308905308e-10,-6.045665884405077734e-07,-1.743968865855539147e-43,-1.804741949249586810e-06,-1.508093713947855354e-21,-3.146970536835903267e-52,-9.749595445736856936e-03,-1.909475000997597348e-11,-9.762900370676994011e-03,-5.377479178855819416e-21,-1.804741949249586810e-06,-1.645519068090748778e-18,-5.426579941250027064e-22,-7.017368035736043843e-29,-5.014298258757971631e-28,-1.966481021707113309e-42,-1.930310710767043158e-57
-4.568035390969391106e-14,1.240477355881405008e-01,-3.629181157747414390e-33,-5.186802415687712400e-11,-7.897660939301063116e-07,-4.358898591326679010e-43,8.394245099757093551e-07,-4.105332482107440301e-22,-1.098106780171377311e-51,0.000000000000000000e+00,-2.072330313167979379e-11,-8.033289859220096862e-03,-8.907470520918025805e-21,8.394245099757093551e-07,1.569814046409488260e-18,-6.815381192459104145e-22,8.630057119654024217e-29,-8.250768427264142195e-28,1.358754851018236498e-41,-5.489243528359220148e-57
2.359087161473380551e-10,-1.245272590670023632e-01,-4.252307552858104594e-28,-9.609711251737813289e-09,-1.810357369113021622e-06,2.622328563415050796e-38,-2.786581321184966451e-05,-9.090118058479422117e-19,-6.282627295477984605e-45,4.361236621476041742e-03,-1.144629893063343594e-08,-1.820879728895268002e-01,-1.641274903169881994e-16,-2.786581321184966451e-05,-1.191251521800249367e-16,-1.411580303472917913e-21,-8.977089594920045260e-27,4.919231294366996291e-22,8.893975240749828579e-35,-8.540388002950603965e-49
6.219973910405578323e-12,4.544691742056725103e-02,1.581084607634729108e-30,1.664976546398787798e-08,2.065050287985246568e-05,2.353842246476558245e-39,1.232661684252526352e-04,-3.935401935171167811e-18,8.932936866780429830e-49,-1.379593214999904466e-04,1.205459659147542637e-09,-1.695300686792715686e-02,6.811572168143304570e-19,1.232661684252526352e-04,3.291076835211340573e-15,1.677947500174821441e-19,8.572310740902317850e-25,3.704499313101426295e-27,-5.790992052452040555e-43,2.239160483608192909e-55
1.394619261982197000e-11,-3.363176115763438778e-01,4.246186082320050568e-29,-3.144641590317954744e-10,-2.846340282282186882e-06,2.592666702745319304e-38,-3.408097736267127629e-05,-1.725366740987576870e-18,1.186701416876463244e-46,-1.404883693138563256e-04,3.276915922512726044e-09,2.493068478091865423e-02,9.694056803435778939e-18,-3.408097736267127629e-05,-3.782628832766311758e-16,-2.209639944418876789e-21,-4.189029644836517087e-26,1.999158988640976501e-25,8.003853057093495074e-41,9.629781446385152142e-53
6.046224021144388340e-12,-5.153004357105273048e-02,1.305315220084685078e-30,1.668852012676600850e-08,-3.260012760351896278e-06,2.282980599146302269e-39,4.798925554563719979e-05,1.949578159949166708e-18,6.199943624824110345e-49,-9.462041121339417220e-05,1.120142925281907622e-09,1.374967408446480487e-02,5.267288163397765568e-19,4.798925554563719979e-05,8.619160557274082775e-16,-4.345653491340912359e-20,1.555716723287570544e-25,1.735820666518337455e-27,-1.569924280296273425e-43,9.300645979717139635e-56
-1.597622448658873870e-12,3.902834580037467527e-02,-1.539298154231851270e-30,-1.700711963269410544e-09,1.730540450717554576e-05,-5.054599379491013862e-40,1.134080475943537061e-04,2.632723140721726537e-20,-8.644449668194036813e-49,-1.371152735661434433e-04,-1.187534661290520673e-09,-1.689627163797556564e-02,-6.677368131096447036e-19,1.134080475943537061e-04,2.655313957073336127e-15,1.166843465498508074e-19,6.291367499156586092e-25,-3.649072297875579440e-27,-5.757829677626386761e-43,-2.180039923222455006e-55
-3.745620797924196801e-11,-1.610663792211375345e-01,-6.996962593871887739e-29,-4.376531656544482122e-08,-2.559075066785255193e-06,-9.267050400093967196e-38,-9.240506330513551425e-05,-1.132294499113501499e-17,-1.636463015946818913e-46,0.000000000000000000e+00,-6.361591071128304300e-09,-5.050952377322980025e-02,-1.276895296999083159e-17,-9.240506330513551425e-05,-8.909296800015200579e-16,-1.954572520116656514e-21,-9.265002970163071114e-26,-4.135659460202953938e-25,-8.153770828222316596e-41,-2.095861141900853520e-52
-3.525145815392501300e-06,-2.842279668663517112e-01,8.390538470671872573e-28,-9.585435339262590262e-09,-1.796129409590566727e-06,6.249184349913551394e-38,-2.784227184109068932e-05,-9.061990917931308096e-19,2.588352031307081611e-40,-4.136324225036696611e-01,1.705996781156869151e-08,1.919256366594354335e-01,2.652320751150741910e-16,-2.784227184109068932e-05,-1.189995688738649570e-16,3.235733242920560081e-14,-8.966129805467084017e-27,6.117993241244475140e-22,-1.216585118827397649e-33,1.418602351507126427e-48
-1.240368898438541211e-13,-3.804532624596682622e-01,-7.798615547332230157e-33,-2.882133636820195029e-10,-7.736062477577625517e-07,-1.253298582102771757e-42,-3.302309364248783110e-06,-5.962091337426172606e-21,-2.186396198193731750e-51,1.295100492279548056e-03,-4.958874733099439048e-11,-1.269601032975231289e-02,-1.806077663629639830e-20,-3.302309364248783110e-06,-4.107428651314248426e-18,-6.579791618136309353e-22,-1.954828300194422403e-28,-1.202832698149938529e-27,-1.249701153266459939e-41,-9.025974466263675958e-57
-7.474464231402927766e-10,2.659547282995353146e-01,4.339190577946532539e-18,-3.500648148911802435e-07,3.703593172290304665e-06,-1.311148322451296387e-35,2.100715878117887609e-04,1.618782100544571700e-16,-7.378133907530907064e-44,2.729860016134105956e-04,-1.075180042033092270e-07,-1.020028650942777504e-01,-6.937273181669129919e-16,2.100715878117887609e-04,3.670483893383237193e-15,3.011163444219802199e-21,-4.799323544930176381e-25,-1.647427753390981818e-23,-2.127258383439353544e-39,-6.024800579781681646e-50
-4.352983658839102567e-12,4.603068518676767945e-02,-1.054551896574036231e-30,-8.964166487219523723e-09,1.623988787675365074e-05,-2.456591178112174845e-39,3.190070146284698530e-05,-1.665895685434829574e-18,-5.512507086603817692e-49,-1.083081046553694337e-04,-7.482942272180508056e-10,-1.688639079432498885e-02,-4.027862928423999235e-19,3.190070146284698530e-05,2.149692528970156257e-15,1.824229616797845623e-19,7.704370932806418284e-25,-3.638435654094498383e-27,-5.778553158110967697e-43,-2.167051277395421500e-55
-7.677887895515963550e-11,-1.314866764503218599e-01,-4.831008146371326263e-28,-7.172891607909547964e-08,-3.052246945571492825e-06,9.131053352267123811e-20,-9.630963589001667027e-05,2.868755588393310530e-16,-7.483301887563586479e-45,-3.759980032969852549e-03,-1.337095181072755873e-08,-1.860332511751593698e-01,-1.820717207406350813e-16,-9.630963589001667027e-05,-9.761184790746567420e-16,-2.526387202507821530e-21,-1.050652806772945075e-25,-5.582748836609576015e-22,-4.719389513049065302e-35,-1.054113839952715801e-48
7.756938143577740489e-11,2.825799818672091179e-01,4.949236823993640089e-28,-4.848617537748417800e-08,-1.843478294707194206e-06,1.520313050970468174e-37,-4.681863386816628671e-05,-8.120097002848141041e-18,3.429351750032285778e-45,1.739541257555174067e-03,1.865610995394642534e-08,1.182654924891904658e-01,1.174500413329659390e-16,-4.681863386816628671e-05,-2.487304770789473788e-16,1.357894405776000548e-21,-1.983294847259057135e-26,2.461039567533757251e-23,8.724422620376022013e-38,3.009537055598060466e-50
1.249419304650297990e-11,4.129750193393521424e-02,4.815385682306707066e-30,2.575752687415889206e-08,2.023758006540747706e-05,8.047224162572629906e-39,4.651042357391391309e-05,5.996746899942975887e-18,3.478916900763803762e-48,-4.331332125498078204e-04,2.246070762103175316e-09,1.949481279977759510e-02,1.551406869496658071e-18,4.651042357391391309e-05,1.519192559917872749e-15,1.623358527290203427e-19,4.132692151950575297e-25,7.034199555690557733e-27,6.846885713933275291e-43,6.908905369094019383e-55
3.167979668417722428e-10,-2.832812369517038742e-01,2.272365679379400897e-26,3.171224000884082375e-08,-1.794666859596563509e-06,2.035973750927449938e-36,-2.769443574986508777e-05,1.833692119761500507e-18,1.052397992169638770e-42,-6.250437733509693616e-02,8.854809513533059332e-08,2.868439454469971506e-01,3.448274009633829295e-15,-2.769443574986508777e-05,-1.180594927755593025e-16,-1.371662115583324841e-21,-8.889785436758676791e-27,-4.044462415780551228e-18,-3.345791363834154547e-26,-3.515507198220803728e-44
-8.529217552224044633e-11,3.385769747259739781e-01,-1.033930427260924601e-28,-7.699084694572311329e-08,2.888395875459450280e-06,-2.269143756476555007e-37,9.677442311268532888e-05,-1.991888785791277661e-17,-2.630616411747327099e-46,1.370725207441000947e-04,-8.232559539183484611e-09,5.294367450352265025e-02,-1.794121064663774216e-17,9.677442311268532888e-05,9.556255458137850869e-16,2.251519473450014591e-21,9.966827715969282049e-26,-2.440300961779913062e-25,9.940960298077218702e-41,-1.475673601098234318e-52
8.555014340121389075e-11,2.832017216455312569e-01,5.142927153716240753e-28,-4.879315786859181444e-08,-1.841732094564133089e-06,1.741333899746892351e-37,-4.701900339014280611e-05,-8.201036862734523355e-18,3.333919390008688038e-45,6.643893006555377225e-04,1.971550479142450970e-08,1.178972313312216108e-01,1.154762443331243204e-16,-4.701900339014280611e-05,-2.479381667672440916e-16,1.342380611817671204e-21,-1.976582681376722391e-26,2.418706550538064337e-23,8.495861774517487958e-38,2.933294705343758442e-50
2.009025088498292822e-11,2.827516661149024890e-01,1.809323635347845496e-29,2.376604446172222889e-08,2.549541180655400839e-06,1.496257704488605771e-38,5.222724133662832768e-05,3.626801291742461168e-18,2.654658300742242012e-47,-1.654588101336883568e-03,-7.611591825880244516e-08,-1.917917272237990717e-02,5.799369847748453364e-18,5.222724133662832768e-05,3.525246320184537259e-16,2.215429563336414059e-21,3.270450602162046837e-26,-5.363998416889040530e-26,-5.620241588010745199e-41,-9.740640196321155642e-54
1.207363008970686988e-13,3.802803192687050915e-01,7.420990850375395421e-33,2.835709977950289907e-10,7.862696178779556843e-07,1.197299403910590968e-42,3.302611400632789728e-06,5.856939727732212743e-21,2.046000916732393581e-51,0.000000000000000000e+00,4.829617161224674895e-11,1.254154429765078071e-02,1.731940407773773741e-20,3.302611400632789728e-06,4.141066356293485888e-18,6.846014855692279505e-22,1.986260877362991025e-28,1.150440183659919409e-27,-1.224600491067004978e-41,8.407226275635155263e-57
-1.184767464715535425e-13,-1.737143205459586448e-01,-7.485624476434202596e-33,-7.897667727678303014e-11,-7.594627304836977435e-07,-1.143491066830894370e-42,-1.401875170382739255e-06,-1.887723560066776064e-21,-2.121789009099296307e-51,1.386464931016150037e-03,-4.803680544833220251e-11,-1.284883596089926062e-02,-1.775349165795656794e-20,-1.401875170382739255e-06,-1.801827678558711324e-18,-6.436914017069198513e-22,-8.656031550496245186e-29,-1.275001400604887838e-27,-1.449608314112115876e-41,-9.496794870844414914e-57
2.119475540818552915e-12,3.021380572692322075e-01,6.140383211490996966e-31,3.209334609866882426e-09,1.309688826906683389e-06,2.181037967061424384e-40,1.398351541299678036e-05,1.839388841138964984e-19,4.550002498341476307e-49,-2.220722010464672592e-03,6.039904020465476366e-10,2.632296342736726788e-02,4.926120050916991483e-19,1.398351541299678036e-05,3.811610545970806620e-17,9.631843949960644485e-22,2.380955489781299367e-27,1.960142338132978220e-26,-5.501095405577292882e-41,9.340635204084941903e-55
2.601254649365804003e-12,4.623618446514780184e-02,5.275373410614635462e-31,5.745653620013008968e-09,-1.701445472849113892e-05,8.883779554042657615e-40,-1.226816031132321532e-04,9.150829909669992012e-19,2.339526280051287195e-49,8.688271372082607795e-05,4.968561503998374894e-10,9.435234199425013638e-03,2.320160504504240262e-19,-1.226816031132321532e-04,-4.025325109037773863e-15,-2.547179363469023000e-19,-1.259769014623342095e-24,9.157769436138714077e-28,9.863341284792379290e-44,4.157551818173831267e-56
6.484061233672605869e-12,-6.949775193234648818e-02,1.362501858880788507e-30,1.815822647673065559e-08,7.016490546460625709e-06,2.711027129193207188e-39,6.682166690005101413e-05,4.314137503190897886e-18,6.229235136990183240e-49,-7.725169509095515411e-05,1.160463522624645229e-09,1.292509245735519278e-02,5.210264055661994631e-19,6.682166690005101413e-05,1.668353832789021757e-15,4.050347046716046266e-20,4.207700059056118149e-25,1.413991005471445217e-27,9.743015051038538887e-44,7.616423585659184384e-56
-1.363744212646629185e-13,3.798976261475995875e-01,-9.330229209798472451e-33,-3.040047047391424988e-10,7.983862532276964895e-07,-1.469867930850107585e-42,3.318481929288686679e-06,-6.296906851930049714e-21,-2.786347355648898221e-51,-1.651948850195098439e-03,-5.448971434159987319e-11,-1.342028055695408673e-02,-2.105175376084714520e-20,3.318481929288686679e-06,4.197600730482484897e-18,7.052733731992544549e-22,2.028173372254727211e-28,-1.495055458315055763e-27,-1.603537516076536314e-41,-1.222653592200107255e-56
-7.223970926506077885e-12,-4.511939484556757446e-02,-1.701280027995628424e-30,-1.898985810627107732e-08,-1.618113120367302080e-05,-3.209297262051037524e-39,-1.168579734939449027e-04,-4.405610141935827271e-18,8.868129411280123699e-49,1.380551040344561991e-04,-1.301528979776906243e-09,1.694568152207128614e-02,6.781699023118716298e-19,-1.168579734939449027e-04,-2.688708958133975217e-15,-9.794625684382735282e-20,-6.191773913679935396e-25,3.695771095937165029e-27,5.810755250369731776e-43,2.227116428097189940e-55
9.060623525857761490e-12,6.359667266728723234e-02,2.385363891177802158e-30,2.332986874579994559e-08,-2.020015998028989304e-05,4.955191295852702492e-39,1.353497075739316241e-04,6.028746610634125601e-18,1.272242619414555947e-48,8.074411112433209207e-05,1.575357843608448575e-09,1.446663798677257431e-02,8.098165903293380637e-19,1.353497075739316241e-04,3.653296288267452699e-15,-1.578438197091825473e-19,9.280198546329952814e-25,-1.738242671775196351e-20,1.419817830987930452e-43,1.563376539434132642e-55
-8.539333772660998632e-11,-2.309068270454935623e-01,-5.129331531375694165e-28,-4.692540705970082006e-08,6.485338144188640191e-05,-1.734784339562995275e-37,-4.871608920728414364e-05,-7.416282682267017469e-18,-3.328620861448637509e-45,-1.660540285141577730e-03,-1.968639701587001514e-08,-1.178104415350097883e-01,0.000000000000000000e+00,-4.871608920728414364e-05,-3.576630749030655770e-16,8.638316577126729304e-17,-3.736740425878631460e-26,-2.408770212617116814e-23,-8.355348167312528893e-38,-2.918919637593836496e-50
-2.874211579013791240e-11,-1.230014093050245672e-01,-3.077201772794122103e-28,8.120203894208971131e-09,-1.716274100091349167e-06,-2.054391721557728708e-38,0.000000000000000000e+00,0.000000000000000000e+00,-3.832892614197341815e-45,-3.095889807449177505e-03,-1.007532703806349764e-08,-1.684429687283883481e-01,-1.228951196020959722e-16,0.000000000000000000e+00,0.000000000000000000e+00,-1.314510971336567978e-21,0.000000000000000000e+00,-2.784260464590234587e-22,-1.786450229834714801e-35,-4.024377849679570513e-49
-1.351592416307801023e-13,-1.065436519501595236e-01,-1.031457050277177111e-32,-2.391246805942692584e-10,1.746459290755427871e-07,-1.679532394178646386e-42,-1.608069522601069494e-06,-4.699854189532687239e-21,-3.102281007555109828e-51,-1.559230382687649573e-03,-5.468942572902585361e-11,-1.303426959249358481e-02,-2.192318546862353718e-20,-1.608069522601069494e-06,-1.590303598691846154e-18,3.075212976086886639e-22,-5.396239952458006206e-29,-1.283337085327513352e-27,8.133559030347877766e-42,-1.104688979570661363e-56
2.397033175627628996e-13,-3.154285700486802457e-01,1.626991480064284438e-32,6.283659247737047009e-10,1.799369844923127046e-05,4.527302091089502370e-42,1.754283827103514891e-05,-2.156561020249058646e-20,4.442993358865411749e-51,-5.113466446806476384e-02,8.152099364661740327e-11,-2.342036031183369286e-03,2.754966953331268884e-20,1.754283827103514891e-05,4.197019394121549833e-17,-1.153276536200732351e-18,1.115059542833406997e-26,-2.662780823834929001e-28,-3.066804566481754763e-42,-1.110480783738680118e-57
-5.706009492012100146e-12,4.444208180608237579e-02,-1.301165175145915624e-30,-1.717007024623594865e-08,2.020050822787388162e-05,-2.273831020129367589e-39,1.240803929133102771e-04,-4.093346897232084450e-18,-6.593433214407493988e-49,6.041846486278481832e-05,-1.072238329565310194e-09,-7.523231291220006459e-03,-5.119578730737428466e-19,1.240803929133102771e-04,3.285440732879974441e-15,1.613364230258715012e-19,8.470150381952855800e-25,-1.502707777368475563e-27,-8.372845773944426177e-44,-9.813060251789536706e-56
3.918534442302120873e-11,3.410442425044012960e-01,7.103901209582540454e-29,4.426896190582251472e-08,2.860444117343089440e-06,1.034039650645610119e-37,9.712711910002000089e-05,1.329968228184189435e-17,1.577978511673406789e-46,-1.348640583151339463e-04,6.307245404290329713e-09,-7.499472610289156099e-03,1.088049234584078938e-17,9.712711910002000089e-05,9.652629718750573775e-16,2.203093268737729319e-21,1.012332366834765432e-25,-2.419981840122627064e-26,-8.663483986776312937e-41,2.551767262233387389e-53
1.255199801853208526e-13,3.809786373811043791e-01,8.005408331599009370e-33,2.892948098356836358e-10,7.611541602856471036e-07,1.277042166069351489e-42,3.279359900633620573e-06,5.964872043654037886e-21,-2.277695028109524579e-51,-1.757026175449472082e-03,5.023439735517753447e-11,-5.627216855181833323e-03,-1.855454145363810961e-20,3.279359900633620573e-06,4.037115688233653568e-18,6.373507571539406218e-22,1.906550231704426890e-28,-1.359184633575171400e-27,-1.774926310773828575e-41,-4.183495122269754047e-57
-2.452580529145654925e-11,-1.109128184426302483e-01,-2.527419401609772734e-28,-4.990167569207482056e-09,-1.061960959470473359e-09,-1.527273988172630421e-38,-1.448869434986136392e-06,-1.342019671719556236e-19,-3.109365145746563496e-45,3.208677078758713584e-03,-8.870625063812853382e-09,-1.671362185484531748e-01,-1.079557976005433672e-16,-1.448869434986136392e-06,6.280105215066960829e-20,-1.363971429934104231e-26,3.917667733988463863e-31,2.805934807210054458e-22,2.425579368884638300e-35,-3.766967345920244284e-49
-1.570425001047138858e-13,3.793208007124084791e-01,1.772370753086027057e-32,2.956452788907768780e-10,7.843348644246115796e-07,-1.692465267863546302e-42,3.367001904622929032e-06,6.192291627880536034e-21,8.154049872052356000e-51,-2.764962351305897282e-03,6.976364883741987985e-11,1.963381250466734312e-02,4.175726871032568117e-20,3.367001904622929032e-06,4.243333667863424753e-18,6.711468460063033148e-22,2.032667601676308769e-28,7.800890782586505512e-27,2.311543383161844529e-40,9.508622285469190228e-56
3.876416043629669146e-12,4.451615764815726461e-02,-1.304367247876323805e-30,1.695901670857050457e-08,2.023645556601243200e-05,2.203516274794738266e-39,1.235319116483272702e-04,4.030354453369684258e-18,-6.611689176078543815e-49,1.902405295307530759e-05,-1.101433167149425437e-09,-1.508976444360345809e-02,-5.577291396842401122e-19,1.235319116483272702e-04,3.267589516151406389e-15,4.403010439720243817e-17,8.428567246821243906e-25,-2.396665890773116470e-27,-1.126097077516862354e-43,-1.307128285862014091e-55
8.801796429771263998e-11,2.909766168006633902e-01,1.967353943068817465e-28,7.891648633100432206e-08,-1.793926265839753309e-05,2.407589042969649016e-37,-4.197625490041510116e-02,2.063723850153421769e-17,5.204063505093424690e-46,1.162210293750649132e-03,1.516338786179167494e-08,5.331841402813815300e-02,3.497015286082150353e-17,-4.197625490041510116e-02,-9.676996518071823085e-16,1.131372406471197718e-18,-1.012240921084104724e-25,5.400024726735756601e-25,1.011133090493333220e-40,3.182068322034698552e-52
-8.563089408256697634e-11,2.843287053176311585e-01,-1.878562877409234595e-28,-7.728317824798423627e-08,-2.835744094132391125e-06,-2.286868089226795245e-37,1.960165170122178321e-03,-2.006002180199186487e-17,-4.907361675903703072e-46,-1.655727289320024385e-03,-1.479504261344511261e-08,5.328176762570654285e-02,-3.375180497093359568e-17,1.960165170122178321e-03,-9.730887496363446182e-16,-2.140125526487933324e-21,-1.018996566934388157e-25,5.321660873229187734e-25,1.059198577981084738e-40,-3.035081830071137948e-52
3.140567063429781600e-11,-2.833639364413992334e-01,3.747863658731079719e-28,8.096980397904524877e-09,-1.734303789416385031e-06,2.430042417240355392e-38,2.504411625110060320e-05,6.946534121721654581e-19,5.288792417131611699e-45,1.376857263384236507e-03,1.098123741136377294e-08,1.783085286791644131e-01,1.481647991424442234e-16,2.504411625110060320e-05,1.000209584995513883e-16,-1.337528087809201027e-21,-7.361205319079186320e-27,4.216212863603475132e-22,3.378796508974134192e-35,6.967510117492827856e-49
-1.548365439443068345e-10,-2.361525288455029459e-01,-2.161064386342995659e-27,7.865990246753780106e-08,-2.780021276906395297e-06,-5.089989614699751846e-37,-9.797843934781218938e-05,-2.066176784654778991e-17,-2.694429368361456626e-44,-1.522730142033492089e-03,-3.714714269277184355e-08,-1.814354346153128350e-01,-4.051582704514684255e-16,-9.797843934781218938e-05,-9.700393231191211173e-16,2.096019453042472267e-21,-1.008171516955787909e-25,-3.629636450236158592e-22,-8.215620056613032780e-36,-8.643204465365586041e-49
-8.525596760350742362e-11,-2.835085755590880385e-01,-5.112131888018224086e-28,-4.614220797607001294e-08,-1.794013058279549497e-06,-1.729650130462820311e-37,-4.408352849247187640e-05,-7.432567744394719548e-18,-3.311577793198396985e-45,1.670093249481303336e-03,-1.965591216731317650e-08,-2.485259932539181094e-01,-1.146647397767651907e-16,-4.408352849247187640e-05,-2.287183588962046666e-16,-1.369677943746037557e-21,-1.776033472467703478e-26,-2.174161479567019255e-23,1.312365841785576236e-35,2.571310861539594598e-50
-7.408495915502301157e-12,4.459053820344617558e-02,1.598178420043292775e-30,-1.808442214442495462e-08,-2.037773405819925712e-05,-2.851084415432698271e-39,-1.271505497903095791e-04,-4.348482194327414471e-18,8.118823587076026134e-49,7.903813852148537699e-06,1.247584179552282865e-09,1.458006061566079897e-02,6.242996452023676458e-19,-1.271505497903095791e-04,-3.419891834347008658e-15,-1.613131223888206490e-19,-8.866322904915179567e-25,2.183577417911488721e-27,1.978824209689374939e-43,1.285508937098111253e-55
4.266683103228185978e-06,-1.247403604365659585e-01,-2.254174801888715373e-27,1.723142981459877557e-07,1.819005022038779791e-06,-1.588382899636124023e-34,1.167317163477984125e-04,5.884416001234205039e-17,-3.758696839080318189e-44,-3.885657784735084899e-03,4.284470360918767604e-08,-1.967309639585844150e-01,-4.909985785505886348e-16,1.167317163477984125e-04,1.120676521880996363e-15,-1.364952382728241786e-21,1.018282466142947211e-25,-7.589692735234811769e-22,5.489621707481972851e-35,-1.821473635572325348e-48
-5.989606364388918104e-12,2.417039420851371107e-02,-1.519523862208952246e-30,-1.416135176428727928e-08,-1.323013325611886255e-05,-2.041767619551273648e-39,-9.150463691166186252e-05,-2.735605907354062609e-18,-8.431756823956970216e-49,-1.292077341974443212e-04,-1.181940498689074972e-09,-1.666831032871334342e-02,-6.561471648948911788e-19,-9.150463691166186252e-05,-1.697471900680722278e-15,-6.965960265326345626e-20,-3.483902758179801927e-25,-3.470312643484473922e-27,-5.280561675608535980e-43,-2.055078013003828632e-55
1.221352865165335248e-13,-3.807370355908885062e-01,7.935042250522865041e-33,2.829904663562553363e-10,-7.783879026714560240e-07,1.214248682595856540e-42,-3.279680562843750401e-06,-5.813554198398701369e-21,2.297167920252715057e-51,-6.604289314564525115e-02,4.952275957960715192e-11,1.310315018724799233e-02,1.866865482024845595e-20,-3.279680562843750401e-06,-4.082570173485238866e-18,-6.701040840620356991e-22,-1.948838176545376283e-28,1.378582437383167677e-27,1.602386486453489728e-41,1.055568256561477814e-56
6.020710129936968690e-12,-4.632576286873405641e-02,1.556136302562925392e-30,-8.733751581452756593e-10,-8.855915629218809825e-06,1.199406548523787455e-40,-4.017649541119100952e-05,-5.503691545078641130e-19,8.768300271563519574e-49,-1.378668157796308295e-04,1.194492084351952546e-09,1.694656740851308366e-02,6.736449414526767748e-19,-4.017649541119100952e-05,-1.145171631056773975e-15,-6.329848193687613749e-20,-2.947954109909489247e-25,3.691212236672437199e-27,5.865666573798333471e-43,2.213737769925420783e-55
8.546892262238801323e-11,-3.303408084846448101e-01,1.875213722981573981e-28,7.707465713176334031e-08,-2.875664078010311547e-06,2.277412021563361355e-37,-9.631571354546868493e-05,1.996495675633624211e-17,4.900667900376095440e-46,-9.942731427819511379e-04,1.477659769118787590e-08,5.298346058749852511e-02,3.372965879769291700e-17,-9.631571354546868493e-05,-9.484322899181821995e-16,-2.230373010696719731e-21,-9.885834936709592695e-26,5.225275930687171505e-25,9.936727716711481869e-41,3.012474568234699522e-52
-9.401338274700440720e-11,-3.340274119808772091e-01,-2.169444882438360047e-28,8.520453806600041610e-08,-2.085872979801508880e-06,2.750680427525955048e-37,1.047290419859513161e-04,2.352198260513678546e-17,-5.843720817842467102e-46,-1.455973617443128852e-04,-1.601736733500425532e-08,-5.360572365844382819e-02,-3.744715558542248868e-17,1.047290419859513161e-04,1.100179212425409460e-15,-1.838312139087516452e-21,1.180333528694080980e-25,-5.601858294699161819e-25,-9.827377399151757256e-41,-3.443586802559150582e-52
1.395737672094091626e-13,3.799269740010099428e-01,9.571898315909091872e-33,3.124967589428648289e-10,-7.774997946036555671e-07,1.537255890751565255e-42,3.369380642924371885e-06,6.584327545268476532e-21,2.855266971848999288e-51,-8.193437380815224436e-03,5.545373323514541431e-11,-1.960233495640562734e-02,2.136389983196509483e-20,3.369380642924371885e-06,4.137235080592687556e-18,6.748143562391886732e-22,-1.937266612674924187e-28,1.476063969589618657e-27,9.320942180848218825e-41,1.216536185529074460e-56
-1.822816833298117261e-13,-3.666095630472808176e-01,-1.376214363821501659e-32,-4.064897655174918912e-10,-8.781406538794780018e-07,-2.522405183690113067e-42,-4.166530898761081869e-06,-9.803878428821666674e-21,-4.311620702071411644e-51,1.661435183981006380e-03,2.189825000532478087e-07,-1.385720949954607518e-02,-2.755262453413243652e-20,-4.166530898761081869e-06,-5.959254394553483772e-18,-7.649034820813210947e-22,-3.011612731786073411e-28,-1.631678432524519160e-27,1.596805740345774838e-41,-1.544685609504556489e-56
6.090148600582615713e-12,-5.617602204888813566e-02,1.584533681248683211e-30,1.433374024570436696e-08,-6.439611326136848274e-06,2.084516641545046366e-39,-2.061405879677708132e-05,2.341989969967330412e-19,8.968007374502618497e-49,1.381398863314555901e-04,1.206518031825952398e-09,1.698677054511443449e-02,6.829965920902996553e-19,-2.061405879677708132e-05,-5.767008351252218384e-16,-3.659268186013910065e-20,-1.345874007222438983e-25,3.731996982387726756e-27,5.904130175570064492e-43,2.160707770032420719e-02
-5.961664577893629728e-12,-3.370289586602896043e-02,-1.529107662814886749e-30,1.709311678412658315e-08,-2.058355695501286683e-05,2.269435969326521942e-39,-1.246729146682439113e-04,-4.061822361623031296e-18,-8.569189309465020593e-49,4.444791896664986367e-05,-1.183325638790966040e-09,-1.686807422790052163e-02,-6.640490867856691413e-19,-1.246729146682439113e-04,-3.341608552795905812e-15,-1.655030878649086287e-19,-8.699116550063545890e-25,-3.624344044083335801e-27,-5.752755426481976580e-43,-2.158189382939023275e-55
8.694525840513147518e-17,-1.275788047222568833e-01,9.005358196057578003e-37,-1.861152249877792837e-13,-1.016239753601736418e-07,1.077344784117109647e-47,-5.757890252410876722e-08,-1.397480431852401531e-24,6.658944527939810148e-56,9.358317536194322994e-03,9.930959645519027896e-14,1.406766686745673182e-03,1.711735301889684525e-23,-5.757890252410876722e-08,-1.560009246157567108e-20,-9.097158726584380868e-23,-3.853479561966862968e-31,6.270863885386222560e-30,3.249505794102960579e-42,2.000688157123507344e-60
-3.305090655377760037e-12,3.965067702177130921e-02,-9.592223443168692880e-31,-2.958270557006679836e-09,3.929730036295210746e-05,-1.887343335687509364e-39,8.920123887290882765e-05,8.778707981304820925e-19,-4.649052173048061393e-49,4.887908228351594929e-05,-6.284267854228658123e-10,-7.308147848139390397e-03,-3.124753519351267413e-19,8.920123887290882765e-05,-1.134403116301169309e-14,5.604610303963062538e-19,-4.258499808872298365e-24,-1.628335549544941959e-27,-1.246958148524514319e-43,-1.039780100017265617e-55
5.995085751939141248e-14,-1.128162168209245336e-01,3.715738324993528793e-33,2.750786944796276797e-10,-3.723936381259394292e-07,1.178837829872562530e-42,-7.194646435779605629e-07,5.492032785342161179e-21,1.026329535757431769e-51,-1.658738030335125350e-03,2.394574473496470921e-11,3.562428226764622133e-03,8.336409695115218896e-21,-7.194646435779605629e-07,-1.298114085764922712e-18,-3.272737050549050459e-22,-7.060498100312493482e-29,3.022975735478667349e-28,-2.409364317438164504e-42,3.249736267891950502e-57
4.943690871407967969e-09,2.170798959939031769e-01,5.119169363751304104e-28,4.953922720150164786e-08,-2.404188951345897806e-06,1.733854570478202426e-37,-4.703965671272359748e-05,8.262398338062078709e-18,3.384628574456355402e-45,-1.671638768116899976e-03,1.967395292229359406e-08,-1.176910171511971331e-01,1.164367375407844002e-16,-4.703965671272359748e-05,-2.485053484243893472e-16,-2.898179757044703761e-21,-1.980252308130199672e-26,-2.395259357535362052e-23,8.347851531201785793e-38,2.892896728070259644e-50
6.287877280012783279e-12,-1.175256563912338396e-02,1.675008385425687751e-30,1.419499585759383588e-08,5.875763450558055701e-06,2.203985191044072323e-39,6.414765553665950876e-05,2.623497356131925370e-18,9.636376030253830403e-49,-6.809193393493956608e-05,1.243268898205728050e-09,1.720576634036598621e-02,7.141998497703341807e-19,6.414765553665950876e-05,1.056063123331029738e-15,2.593264082835650372e-20,1.946210574148149775e-25,3.932304789087060537e-27,6.143746530947865289e-43,2.441072977420568421e-55
8.614515974692358111e-13,-8.527954443690280439e-02,4.013011064007727039e-31,-9.589158923751834987e-10,-9.337923297211173052e-06,1.682554232325659027e-40,-3.249886047290630620e-05,-4.448836978424233052e-19,2.733121968526189463e-49,-1.370819175904365464e-04,2.650695461035994911e-10,8.442860884574465707e-03,2.251276707928330187e-19,-3.249886047290630620e-05,-5.223141483966090929e-16,3.474829664122326163e-20,-9.203445392494501219e-26,1.807706531205188342e-27,3.926752265593095479e-43,1.018053757689982311e-55
6.108296462627139146e-12,-4.008726389692422731e-02,1.590645230597481171e-30,-7.514937322630355929e-09,-1.789550103076765976e-05,2.116354888226486050e-39,-5.677011781084805242e-05,-1.765574222697366454e-18,9.004173204989170481e-49,-1.391776983851105787e-04,1.209381148858792024e-09,1.697973522667841142e-02,6.845510473142867993e-19,-5.677011781084805242e-05,-2.715455177050555406e-15,-1.254108602089106867e-19,-6.555399326091316593e-25,3.728112720049563301e-27,5.819424722807804772e-43,2.259733298148947821e-55
-3.600153433242445326e-10,7.935022629357477153e-02,-2.076658775186835028e-27,-2.353739229762040511e-07,2.933384415066448518e-06,-3.470249696578729241e-36,-1.559900624215868363e-04,-9.927184501975457786e-17,-1.030236390762501727e-44,8.266704543969003241e-03,-5.288949272079881581e-08,-7.377567713236932168e-02,-2.097483321911726513e-16,-1.559900624215868363e-04,-1.972004061514032489e-15,2.108404018407999464e-21,-2.092644809350165436e-25,-3.081978081931626868e-24,-4.246450204852536524e-40,-5.429366576745938239e-51
-5.767496500173498317e-13,-3.331189180269005790e-01,-8.177909022411964387e-32,-1.069495390468867289e-09,-1.053445858105968755e-06,-2.020705545897901308e-41,-7.330014354784832242e-06,-3.832076331840605314e-20,-3.845996643141421206e-50,-1.039653178905474177e-03,-1.921164233479307654e-10,2.077546784195457696e-03,-1.073525452933216285e-19,-7.330014354784832242e-06,-1.398415030592717664e-17,-8.366949009212738681e-22,-7.739064119031425987e-28,7.402271162466971101e-28,9.306188627039258250e-42,4.677235758411214690e-57
-1.227272146742675949e-13,-3.807445981562657678e-01,2.417818600797275925e-33,-2.856208533092966212e-10,-7.721582148844771307e-07,-1.229507126297187892e-42,-3.284578330382118822e-06,-5.886986224007846050e-21,7.730358884803045383e-52,1.642502542320711670e-03,-4.916223708410269721e-11,1.299227738552816667e-02,6.429561755062855054e-21,-3.284578330382118822e-06,-4.074424418034281285e-18,-6.572971682123205993e-22,-1.937442182731786143e-28,1.332798083615323252e-27,1.535672079788277567e-41,1.008116392154957786e-56
-4.168315506432498929e-13,-3.465219208277247609e-01,-5.115123589893689785e-32,-7.928095028929498565e-10,-9.434523002708504576e-07,-1.109134253988498837e-41,-5.975774277607168672e-06,-2.460634034668220548e-20,-2.210127391348978905e-50,-1.396110615624107133e-03,-1.456556122825295267e-10,-1.815033804452913235e-02,-7.638829198441259817e-20,-5.975774277607168672e-06,-1.004163132301787398e-17,-7.308344826424624499e-22,-5.265307371671562832e-28,-4.575713303790114029e-27,3.500939516674574024e-41,-7.624518211562996096e-56
1.086291553201324008e-11,-8.206875338979577328e-02,-3.785078434059274330e-30,2.374232190195369157e-08,1.184126978369429152e-05,6.340205978527829375e-39,1.116437891459817441e-04,5.492124062013677784e-18,-2.603053651430789042e-48,3.645898618800643494e-04,-1.962039331108219044e-09,-1.903927168831841960e-02,-1.303419633940459336e-18,1.116437891459817441e-04,2.158690408294391515e-15,4.891175356825784297e-20,4.267379457324772325e-25,-6.252339176199905037e-27,-6.895236406730795119e-43,-5.530700357234651924e-55
8.464077803229076711e-11,-1.705072980014663009e-01,1.845120205428166675e-28,1.872228217278237744e-08,-2.876659197756725713e-06,2.236144706990272463e-37,-9.652729866367735936e-05,4.742534621509830757e-18,4.801929248944827098e-46,2.195651608440178762e-05,1.464911382381179441e-08,5.286248126288371763e-02,3.331873227586136244e-17,-9.652729866367735936e-05,-9.521795022717552392e-16,-2.230976704704769231e-21,-9.932302656117604163e-26,5.165338587112148006e-25,9.822460070481041588e-41,2.955935857249886244e-52
1.339161629772196047e-13,3.774114476685271335e-01,8.700870972613877684e-33,3.094961288994326725e-10,8.148554517694240776e-07,1.441910462591044012e-42,3.479073955997694206e-06,6.621772903186962551e-21,2.485860408790604174e-51,-1.628778098727401251e-03,5.294418101764692584e-11,1.287909644838903384e-02,1.955927103617747511e-20,3.479073955997694206e-06,4.476966327780882577e-18,7.409804852830792249e-22,2.165367012545857893e-28,1.260131392644602742e-27,-1.242135941821192918e-41,9.886612111270412740e-57
6.106760535222559353e-12,6.608771936733538743e-02,1.588849964148046188e-30,1.417302192409892375e-08,1.159852313522844284e-05,2.095259866468377994e-39,0.000000000000000000e+00,0.000000000000000000e+00,8.985540882542929643e-49,1.217430071474411978e-04,1.208811393533372581e-09,1.696836724459400286e-02,6.835709664294819025e-19,0.000000000000000000e+00,0.000000000000000000e+00,5.316977941698083795e-20,2.769820876667466785e-25,3.718006710893145267e-27,5.834303838079355573e-43,2.250761064275269848e-55
8.082475504079866439e-11,1.294453156658153525e-01,7.802676835849828587e-28,-4.965521359725376586e-08,2.513542186393456210e-06,3.738117939517993072e-31,3.285595989486708620e-05,4.341367929370363723e-15,7.731250149567466083e-45,-3.553376754427130593e-03,2.123206027357841740e-08,1.782440038109047442e-01,1.918585122989545061e-16,3.285595989486708620e-05,1.751006984942815403e-16,2.674453021499860806e-21,1.548584753078701971e-26,4.206648193456334074e-22,3.388274116265656435e-35,6.943504744990982314e-49
1.380185551437839889e-13,3.767472703478562113e-01,9.127786481394415856e-33,3.170922782471489239e-10,8.015837039384550605e-07,1.521408025252632740e-42,3.523130538137803594e-06,6.844600847110966957e-21,2.638749995071337477e-51,-1.118193956329283090e-03,5.440535552742384212e-11,1.300687046605460487e-02,2.030365771910376653e-20,3.523130538137803594e-06,4.555399944970538942e-18,6.864057129518337527e-22,2.204543476904959892e-28,1.306954365471129660e-27,1.248962129217390862e-41,1.046648130371165785e-56
-2.947074938676316086e-11,-3.623563825261192362e-01,-2.030987701862319217e-28,-8.321785207149799508e-09,-8.916731791658128213e-07,-2.158120101182023309e-38,-4.488695216732305210e-06,-3.345853678228625947e-19,-1.723867211321320958e-45,-7.900529742333026531e-03,-9.351034829073424877e-09,-1.390028602377104960e-01,-7.734555401678620217e-17,-4.488695216732305210e-06,-6.634967880941197115e-18,-7.579196447040861794e-22,-3.378251188373785559e-28,-7.274636996449397505e-23,-1.831217073164286922e-36,-7.426517097131250545e-50
6.063902322650767650e-12,-5.315603171268142024e-02,1.572001761410175623e-30,2.030330781073579642e-09,-1.348785870399771066e-05,2.067552330126814903e-39,-2.522337539576051995e-05,6.243810031977554910e-20,8.870849989508796532e-49,1.380096408939974855e-04,1.201553126318439886e-09,1.694553073086156603e-02,6.782887160787296331e-19,-2.522337539576051995e-05,-6.677740421326398655e-16,-7.183813690985909912e-20,-1.551613662931886711e-25,3.696060650983590359e-27,5.788753978187250169e-43,2.228154588986454135e-55
-8.558738558928799973e-11,-1.292898612679831138e-01,1.168398494516136336e-27,-7.735365178085701290e-08,2.845053453283272919e-06,-2.286143188616345340e-37,9.799753506314856329e-05,2.018039554660532834e-17,3.644007472142447267e-44,5.315368024832635083e-03,-2.402271255790041821e-08,2.417068819157356385e-01,4.422236388428674183e-16,9.799753506314856329e-05,9.771938997398116808e-16,2.152614590204137733e-21,1.024571228419936402e-25,6.525517675846082069e-21,-1.390161039898079893e-25,2.716413438019837923e-02
-1.137918183817325448e-13,-3.838963423005602449e-01,-6.921488338348074878e-33,-2.652165681680207250e-10,3.501258811429049003e-07,-1.069275313363381039e-42,-3.105147049462621891e-06,-5.264244773532274061e-21,-1.906280962190803663e-51,3.945989620557899778e-04,-4.611922479058094909e-11,-1.252432870264006889e-02,-1.658981606747662732e-20,-3.105147049462621891e-06,-3.716487178958159633e-18,3.104798223006883099e-22,-1.738139564796349364e-28,-1.152598391984763334e-27,-4.503047386787659607e-42,-8.268433204580316275e-57
-2.207667119850168722e-09,2.761034602621700307e-01,-5.418412778874528165e-24,3.623349621747790310e-08,-2.667344874318036526e-06,-1.479209292015227454e-34,-5.777946067515981335e-05,-4.612182724526774207e-18,-3.748482937554842338e-39,-4.907823169574934349e-03,-6.639605266209334632e-07,-4.276545930003317064e-01,-3.285902215683771557e-13,-5.777946067515981335e-05,-4.186597613965301505e-16,-2.339058035735351195e-21,-4.001171922921926709e-26,-2.966514941716176939e-17,1.261405091609905095e-29,-1.153164718139212855e-41
-8.565666751335305722e-11,2.658233682246974316e-01,-1.887388964542236941e-28,-7.703047743970355655e-08,3.513557292828793993e-06,-2.284308490423895452e-37,9.773884784566599395e-05,2.004105430279763763e-17,-4.950066478985696457e-46,1.697123848682303504e-03,-1.481881308561641626e-08,2.649402817651923953e-02,-3.394603179693259447e-17,9.773884784566599395e-05,9.728399417868583601e-16,3.878763018889354147e-21,1.018450221293131739e-25,2.772314610963205182e-25,3.882023835169039913e-41,-3.064136601042661814e-52
-3.035215528140773027e-11,2.832011546468747865e-01,-3.334731065918336516e-28,8.123723762306008263e-09,1.736655057337986637e-06,3.522437749912334092e-35,0.000000000000000000e+00,0.000000000000000000e+00,-4.217185097119658504e-45,-2.917191074588346752e-03,-1.055276783832664841e-08,-1.697218627548963688e-01,-1.302400597304399289e-16,0.000000000000000000e+00,1.007968519607877048e-16,1.340378546128033027e-21,7.425345516280295372e-27,-2.888456203245013944e-22,1.793004428953017790e-35,-4.317416959076683120e-49
1.577651084691076261e-13,-4.981800990817474017e-02,1.327126776246735377e-30,-2.740982597230639615e-09,-1.366937475991351695e-05,-8.019224203242237281e-41,-4.511017965064647098e-05,-8.826013424583738269e-19,6.808345596883174270e-49,1.140590984005735510e-04,1.109792703026974790e-09,1.529856641443624182e-02,5.689907701016273472e-19,-4.511017965064647098e-05,-9.188989282938405879e-16,-7.449136229732419632e-20,-3.856404960262743229e-25,2.520531472327992099e-27,3.179079220171896532e-43,1.388293722636560694e-55
-1.086446799376638075e-12,-5.935963801038352666e-02,-3.343215088587442185e-31,6.237643230938594288e-10,2.020665908580321650e-05,-2.657442283162795753e-40,5.304201222823526129e-05,7.085534835616816000e-19,-4.858887785513935611e-49,-8.046975956422356183e-05,-2.795485707902086072e-10,-1.243334695182494835e-02,-4.469775511131333232e-19,5.304201222823526129e-05,1.609150477565711955e-15,1.595092807203078217e-19,4.254693209988767087e-25,-1.203690783754143220e-27,-8.887764860019983776e-44,-5.940609110930462151e-56
3.605601713388315842e-09,3.757520627443207140e-01,1.063112642401724419e-25,1.363430992920101105e-06,5.813883345167842519e-06,2.986283023630734211e-34,3.137222956465194755e-04,1.291327399376975107e-15,1.559488462179291700e-42,-1.614950578023215859e-03,4.043974827300738102e-07,1.172725693024160992e-01,4.095039685126373579e-15,3.137222956465194755e-04,6.063532918609406654e-15,7.340188528192435425e-20,6.719210778339589048e-25,5.667947809175649301e-23,6.352165682613830321e-39,6.534632604020831055e-49
-6.746417889882508780e-09,-2.704450773745369907e-01,-3.469609936803799160e-24,-3.874840243434849479e-07,-1.841463749566881214e-06,-8.303175696732421745e-34,-4.695050718102579743e-05,-8.033125583533588036e-17,-5.651916228187447097e-40,-9.404768651560297017e-04,1.942855391853799607e-06,-3.916643194734602540e-01,-1.368741042063787806e-13,-4.695050718102579743e-05,-2.479030789363284360e-16,-1.395650096859668597e-21,-1.974429357094501542e-26,-3.524176441132894596e-19,-7.048074982951473369e-33,-3.559639230496062146e-44
-8.263066190431223543e-11,1.220743437116621199e-01,3.749772769016801705e-28,-7.608830620533744689e-08,-3.929410818724044698e-06,-2.151358976771732825e-37,1.012307694563641217e-04,-1.978776448301940999e-17,5.297149569284053103e-45,-3.025822045695247559e-03,-1.426348184842672131e-08,1.783707969193764897e-01,-1.947671845548475913e-14,1.012307694563641217e-04,1.140261511473518648e-15,5.893173594152139042e-21,1.344630550369640594e-25,4.226804427574797176e-22,3.391547517404701681e-35,6.991389012713284820e-49
-2.549619185267842343e-11,-2.833785427520895683e-01,-2.467531201708908510e-28,-9.648722220342445862e-09,-1.797878439560197315e-06,-1.638973319291434456e-38,-2.816234474813534213e-05,-9.273120365174960308e-19,-2.862051817402684762e-45,2.895108640638707851e-03,-9.018269170061484693e-09,-7.881833615091343725e-02,-1.031855376598108527e-16,-2.816234474813534213e-05,-1.209934605719441865e-16,-1.368145494218125563e-21,-9.126170422601904784e-27,-1.066242169882320421e-22,-5.017915328269803038e-36,-1.413613931663188552e-49
9.266899328033173511e-02,-2.838510085488193391e-01,1.262175708500214426e-04,-1.150187979745690217e-02,-1.723983927663176995e-06,1.328729984478827734e-05,3.047853009752025683e-05,-1.284763629850696476e-01,5.100604472587685924e-13,4.981891312478068171e-03,9.904830477905376615e-03,1.779222812982610147e-01,1.057001679661194200e-03,3.047853009752025683e-05,-1.093984701549538188e-10,-1.321898712920287402e-21,-1.782157871365215369e-17,1.542195647698722383e-17,8.217933322885721950e-35,6.020873361752273820e-27
-2.740050821059946784e-12,4.460532677420275122e-02,-1.377881082554644261e-30,-5.891327744972090045e-09,2.021230345021718606e-05,-1.002081523442308696e-39,1.558022689868925642e-05,-9.218401529126868380e-19,-7.285369466000827252e-49,8.994325973769230108e-06,-1.126857251692144692e-09,-1.107518829568378618e-02,-5.963124169134057327e-19,1.558022689868925642e-05,9.402734154441028239e-16,1.597218796882947454e-19,3.027466302255221654e-25,-2.143711191000691386e-27,-2.076461490318314442e-43,-1.286037817499993511e-55
3.007507411006340597e-11,-2.834893184177508796e-01,-3.681725299017326648e-28,-9.647747707657001235e-09,-1.811326975595761940e-06,2.245031226909231510e-38,-2.797721944753554538e-05,-9.209351210328940428e-19,-5.133926818922864383e-45,3.363738911574045212e-03,1.071079880928810618e-08,-1.778263966440786215e-01,-1.455232470197093625e-16,-2.797721944753554538e-05,-1.199967915601577371e-16,-1.394294943833057223e-21,-9.077823782386428602e-27,-4.152504090281059065e-22,-3.352055343180162637e-35,-6.791383637915620516e-49
-1.096865743036258966e-12,-3.151412734582105801e-01,-2.200661070050982221e-31,-1.846624804832835256e-09,-1.179793665231210254e-06,-6.529653680509520645e-41,-1.016324780731172829e-05,-8.360142791261228608e-20,-1.288810167033270414e-49,1.671301887024595088e-03,-3.380570251812459240e-10,-2.231918229228730538e-02,-2.265550488530199712e-19,-1.016324780731172829e-05,-2.325078836499428593e-17,-8.996507338400180617e-22,-1.371410410178345911e-27,-1.003588248694452549e-26,0.000000000000000000e+00,-3.076350648516404283e-55
6.051772990304502430e-12,-4.949299504952869161e-02,1.567437727750318792e-30,1.509955483050950132e-08,-8.387514919350860706e-06,2.107738746578578625e-39,-3.941107094545255558e-05,2.999648191908964861e-18,8.842180172829161787e-49,-1.382447533780284865e-04,1.199551325500422420e-09,1.694578610523337497e-02,6.770386710225699336e-19,-3.941107094545255558e-05,-8.722693969649630605e-16,-4.905642422452719555e-20,-1.913422042937671596e-25,3.695195067067764987e-27,5.814653491714238617e-43,2.225370933297714724e-55
2.544140336449646517e-12,-4.277151458145420776e-02,1.574427902177992322e-30,1.633141262196294059e-08,1.731844264409826786e-05,1.024630563953973602e-39,-1.073225276122221548e-04,3.390936247697217779e-18,8.878682341285861043e-49,1.367093226884858175e-04,1.202921134277488556e-09,1.692187213731667639e-02,6.784808265859745858e-19,-1.073225276122221548e-04,2.434913255673828581e-15,1.204944795925357940e-19,5.757033107941820736e-25,-4.936168769179092707e-04,5.718189593317029628e-43,2.218750900505840741e-55
2.992169107825447075e-11,-3.593254784022953396e-01,3.716824581243113169e-28,-5.686669923102255092e-09,-7.912905710109762569e-09,2.225059925577525793e-38,-1.479183414013705136e-06,-1.600680750757818903e-19,-5.418146753537749760e-45,-3.765569425449948569e-03,1.069949025236830279e-08,-1.861826888956719384e-01,-1.481517516449872470e-16,-1.479183414013705136e-06,-2.587838036060210219e-19,-4.910471592587269726e-26,-1.924415651171422077e-30,-6.460332089152412712e-22,-8.674877392355239203e-35,-1.112852705675341370e-48
-0.000000000000000000e+00,-0.000000000000000000e+00,-0.000000000000000000e+00,-0.000000000000000000e+00,-0.000000000000000000e+00,-0.000000000000000000e+00,-0.000000000000000000e+00,-0.000000000000000000e+00,-0.000000000000000000e+00,-0.000000000000000000e+00,-0.000000000000000000e+00,-0.000000000000000000e+00,-0.000000000000000000e+00,-0.000000000000000000e+00,-0.000000000000000000e+00,-0.000000000000000000e+00,-0.000000000000000000e+00,-0.000000000000000000e+00,-0.000000000000000000e+00,-0.000000000000000000e+00
-6.058489371398406751e-13,-3.377361380160565640e-01,-1.158659989064814184e-31,-1.026891431388244730e-09,-9.963530743507183646e-07,2.084152088556788968e-41,-6.958022994862171437e-06,-3.534121805521116261e-20,-7.174379782399191528e-50,1.674792019412363461e-03,-2.163902275176600677e-10,-2.440937283017820258e-02,-1.604837271392885938e-19,-6.958022994862171437e-06,-1.269014987072969341e-17,-7.620958832384831728e-22,-6.839966805693960798e-28,-1.583921409839354708e-26,-1.459630699479681383e-40,-4.025331147185714606e-55
1.488747065411548381e-11,-7.300173634934974121e-02,3.367133900558957465e-30,5.252805575110447405e-08,-6.207656190445531776e-05,1.729343662343141952e-38,-3.730685759617613571e-04,2.869869345695133555e-17,1.410715434296874560e-48,-7.358516808184470143e-05,2.025850806079626372e-09,1.254625284393030143e-02,7.687904285552957570e-19,-3.730685759617613571e-04,-3.062739398163079969e-14,1.300173936562305671e-18,-1.517970965616170517e-23,1.313501671751622406e-27,-8.013469002268647425e-44,7.564156071961078034e-56
-8.175729415616257398e-11,-3.368372217179703143e-01,-1.735716765227259403e-28,7.522661630212503130e-08,-2.859176016376862227e-06,-2.104372161417961759e-37,9.658589790455401089e-05,1.944473052479660147e-17,-4.440625656039370232e-46,-1.400324802761809438e-04,-1.418196367793206125e-08,1.623009337833059831e-03,-3.177736607521808120e-17,9.658589790455401089e-05,9.532892601542910268e-16,-2.223123317165634719e-21,9.946968119176817964e-26,-9.881437255735485074e-27,2.013004894029840052e-41,-2.808855609555170121e-53
3.138089655968927192e-11,2.829535157211126584e-01,-3.848998987831847433e-28,7.328660983315295997e-08,-4.791690331680748330e-05,2.425258054348657010e-38,-2.793644272276348719e-05,-1.738214971640737920e-18,-5.465861988541410684e-45,-3.868163458188525732e-03,1.095487400352455276e-08,-1.788312529773515847e-01,-1.511400236973093150e-16,-2.793644272276348719e-05,-1.195636547504866206e-16,-4.309130868935548676e-15,-9.008786546548881715e-27,-4.281991382706295616e-22,-3.387565704798605836e-35,-7.162328029295404109e-49
4.967276985200590259e-11,-2.421495390539643577e-01,4.580473155414382913e-29,3.932000952763428985e-08,-3.780691771388938021e-06,1.387540660578596086e-37,-5.824584402187901615e-06,9.463133831884910032e-18,7.851931258790732256e-47,0.000000000000000000e+00,9.838760780063499150e-09,-2.113201148423968570e-02,4.298670748908795946e-18,-5.824584402187901615e-06,-2.534669048705673215e-16,-4.382473310846928962e-21,-4.243383262097264641e-26,-1.786326588338295769e-25,1.232742428679439381e-40,-6.013039193116495122e-53
-1.894300463561570378e-12,4.446055151353003193e-02,-4.455341909795691129e-31,-2.483901612884347788e-09,-2.024644912237419112e-05,-6.131719565948218743e-40,3.513446585359048462e-05,-7.106112795227247732e-20,-3.509665370543188673e-49,4.677598990298566418e-05,-3.993587920045112671e-10,-5.871080970114281317e-03,-3.194467956676958700e-19,3.513446585359048462e-05,1.284412307236199666e-15,1.607936118284641197e-19,-8.334131013459650052e-25,-7.348421494941795958e-28,-2.514484552311133753e-44,-3.822968936710355191e-56
1.250735011846519279e-09,6.689160874008094615e-02,1.572010643613569461e-30,1.409158254353632615e-08,-1.145344006486571591e-05,2.068974181900330560e-39,-8.488083155487685064e-05,2.598007855360291039e-18,8.868437537932158263e-49,1.716348436390103388e-04,1.201648541577078352e-09,1.825268567575559497e-02,6.781289406717536540e-19,-8.488083155487685064e-05,-1.415989376395264864e-15,-5.189662597332019818e-20,-2.697194377434394949e-25,4.763751875156833538e-27,1.116718569363264336e-42,2.751820105274691977e-55
2.960280418847545782e-11,-2.746269835930576497e-01,3.661270406830212383e-28,-9.570619165084710827e-09,-1.783834010772254649e-06,2.180896535370520940e-38,-2.762546187324941150e-05,-7.650398366872434975e-13,5.141638535726875615e-45,3.650139370956210355e-02,1.060537367306506830e-08,-3.995254596578643458e-01,1.456516690878435178e-16,-2.762546187324941150e-05,-1.173460003185132195e-16,-1.358432683933695757e-21,-8.812356031747106282e-27,4.566925385817177116e-22,9.584222295859137566e-35,6.805848826294571596e-49
-5.927508485326448028e-12,4.450153320289041564e-02,-7.080812407082553730e-31,1.722293404530338868e-08,2.025315623228633182e-05,2.286401266464725645e-39,1.243020728018453798e-04,4.114972894339130793e-18,-3.793407116800298362e-49,6.192346741885271092e-05,-5.622461097673048271e-10,-3.413916519128170485e-03,-2.915165403037933160e-19,1.243020728018453798e-04,3.293082688937918074e-15,1.623148444287322057e-19,8.489207265366380696e-25,-8.699983246247984307e-28,3.978470992507907978e-44,-6.925836033948591355e-56
-1.238507207411771478e-13,-3.799677734554058883e-01,-7.807114014573250314e-33,-2.881653765618961046e-10,2.218442247360335971e-07,-1.248554905110289699e-42,-3.324599828482174898e-06,-5.981503759871012764e-21,-2.243605143762288281e-51,2.108526741357828749e-03,-4.957361104615880451e-11,-1.305103806059185537e-02,-1.839564324420925217e-20,-3.324599828482174898e-06,-4.172353657275761637e-18,3.406825615522370655e-22,-1.998714528623392813e-28,-1.358170086640897529e-27,-1.588002926334070801e-41,-1.031907057633336915e-56
9.725509356828021511e-11,3.295115331416885729e-01,-2.304335576051356677e-28,8.590058141039184187e-08,2.775228430062667864e-06,2.914354496590492310e-37,1.019039280240498354e-04,2.342703487130604552e-17,-6.324591966751740358e-46,-1.002200998913593084e-03,-1.652673474555933085e-08,-5.425013380674239410e-02,-3.929588072309326450e-17,1.019039280240498354e-04,1.031558829834343703e-15,2.053509820100441495e-21,1.076832739413394346e-25,-5.934514678369299801e-25,-1.038615921150906732e-40,-3.754646739201788673e-52
6.048465810247727325e-12,3.844099941921383899e-03,1.564372599673329306e-30,1.412310560293072478e-08,6.667655414875963323e-06,2.076608037729764771e-39,9.097625944214157571e-05,2.725778959754148961e-18,8.814189275593328939e-49,-1.371268913953851359e-05,1.198433882829269007e-09,1.694346192541645868e-02,6.755747563189293395e-19,9.097625944214157571e-05,1.675392125421009155e-15,3.411492732869712696e-20,3.422126754960186049e-25,3.692003202058226470e-27,5.806919305220501736e-43,2.220447996510690908e-55
-5.668037149291720663e-14,-3.800682785215305781e-01,-4.091468641648658712e-33,2.893487489828082493e-10,-7.798708886784908606e-07,-1.266169648914587100e-42,-3.321886859226044497e-06,-6.005411831016958780e-21,-1.263207886444079612e-51,-1.657978512540478431e-03,-2.439783034890718844e-11,-1.101496517515541430e-02,-1.027841963178095966e-20,-3.321886859226044497e-06,-4.156303566929980416e-18,6.713349668060035506e-22,-1.985688519645116826e-28,-1.228897422699532634e-27,-1.607663134310076431e-41,-8.697142492042655126e-57
-1.352741410437904323e-11,1.042540428790130203e-01,-7.198608844133013288e-30,-2.514294335186793581e-08,-9.179056700803563825e-07,-4.017270030796958691e-38,-9.466138861615284192e-05,1.788846168412804037e-17,8.039309058786755676e-48,1.351848791583160785e-04,-1.339664928345381877e-09,2.094064529211311226e-02,1.228125918670482597e-18,-9.466138861615284192e-05,-9.335402489865923368e-16,-5.697350169559186999e-22,-9.835918404321341606e-26,1.551919324502921803e-25,4.001163766792515326e-41,5.953037776604702347e-53
9.384253382646922845e-11,1.249432671584150417e-01,3.256582349289991383e-27,1.228612971128341518e-08,-1.815823639676453146e-06,1.979797703916685243e-37,-2.621993913642161825e-05,9.255844367181617085e-19,9.520454986988188538e-44,4.662646055899913496e-03,3.094253911575669700e-08,2.428540475027385070e-01,8.227796853320291765e-16,-2.621993913642161825e-05,-1.094320656753503125e-16,-1.446172657278188289e-21,-1.146678546732818301e-18,3.567660735126427622e-21,2.815014056446312081e-34,1.772224338993316099e-47
-8.466429264976991740e-11,1.236842141927080585e-01,-1.842618966715704714e-28,-7.662087953007691703e-08,-1.285801082831138315e-06,-2.238869942271688505e-37,-9.969772678053694798e-05,-1.979708752208209638e-17,-4.787537227537969824e-46,-1.658462754111764657e-03,-1.464438109678369284e-08,-5.277420063284639362e-02,-3.325045114733201798e-17,-9.969772678053694798e-05,-1.040079011746831611e-15,-9.062466108397490533e-22,-6.860651746897559123e-26,-5.129446658243565033e-25,-9.699153974581800423e-41,-2.932216166456913472e-52
3.134377090850149168e-11,-1.294238574755805782e-01,3.722308975168485610e-28,-9.642478120175386568e-09,1.214328187711687752e-03,2.420551851678246007e-38,-2.810116107018475145e-05,-9.239852031891721598e-19,5.252621263133771554e-45,4.168793305867866256e-03,1.095579082890189255e-08,1.782700731604789646e-01,1.475284171462442679e-16,-2.810116107018475145e-05,7.642095324242910789e-16,4.095377024827525737e-12,1.025644863598815447e-23,4.216739562923054867e-22,4.519270061462146265e-35,6.955371990213549431e-49
6.093969967529284490e-12,4.447828817253198647e-02,1.563135470867908973e-30,1.722359683032558584e-08,-2.021153814898432201e-05,-2.285344397610336438e-39,1.243746499582954487e-04,4.116673464960516187e-18,8.810601129797340137e-49,1.376156126182529501e-04,1.197719491625833088e-09,1.693200992253645829e-02,6.755030168861891416e-19,1.243746499582954487e-04,3.297731977202866945e-15,1.611832482923781619e-19,8.503889639156801964e-25,3.683199945190762538e-27,5.778374344344355890e-43,2.215090285150843522e-55
-5.808221278361243969e-12,4.344781673914090842e-02,1.298750302880535603e-30,1.713626370361496298e-08,2.019982309852034574e-05,2.261585387737156423e-39,1.239529269816475922e-04,4.084233568802289587e-18,6.636518319326528591e-49,1.150264959369623203e-04,1.096188798339336430e-09,1.527285746895228578e-02,5.603505538541544695e-19,1.239529269816475922e-04,3.279760899620112697e-15,1.595371838507833264e-19,8.451635724234463291e-25,2.499072096201795028e-27,3.193442675388483989e-43,1.363939543000232573e-55
-6.745780443989694175e-12,-5.060609838476253647e-02,1.579801731391645409e-30,-1.808284307895561049e-08,-1.496299307322130070e-07,-2.841546054783232146e-39,5.273103442455179875e-05,-4.134643804796334751e-18,8.918760694838466300e-49,-1.383619895413938249e-04,-1.223584332658165250e-09,1.695446944586868898e-02,6.803979720042699581e-19,5.273103442455179875e-05,1.092804794241633945e-15,-1.862269530397773699e-20,2.298657610129259475e-25,3.704906080201473413e-27,5.794032613187945096e-43,2.237712680915482516e-55
-3.418430847259330615e-10,1.312504783881844606e-01,3.722059592099741054e-28,-9.589491705477957558e-09,-1.789974945891363976e-06,2.452225443190354806e-38,-2.778998480971935984e-05,-9.070457876053433947e-19,5.214181457547877127e-45,-3.408964206474320718e-03,1.102108150641101641e-08,1.780667391555724177e-01,1.469010067885545728e-16,-2.778998480971935984e-05,-1.185406174471638090e-16,-1.376342672787743828e-21,-8.918890303547248772e-27,4.183815021701397664e-22,3.371294166628517915e-35,6.878373170395290177e-49
-7.615720162981774020e-11,3.173716477465368113e-01,-1.780388858942578618e-28,-5.202825997797993386e-08,1.032562126160525991e-06,-2.040882936008499786e-37,-3.256589113625801748e-05,-1.169266203604317750e-17,-4.583235129909308701e-46,-1.369334199395316331e-04,-1.378330202435097339e-08,-5.259486388561972897e-02,-3.206275349199003783e-17,-3.256589113625801748e-05,-2.178778788358489858e-16,1.063391926538759288e-21,-1.291959193197727749e-26,-5.012260248527094365e-25,-9.860411044376454148e-41,-2.788765565059772710e-52
-6.032879979875357318e-12,4.079790076111466934e-02,-1.565538326609994966e-30,1.725165656808057349e-08,2.038296079136285037e-05,2.307652558444849608e-39,1.243707480637226508e-04,4.110862250955224812e-18,-8.850585478779513321e-49,-1.412723157197759915e-04,-1.197881122023162212e-09,-1.699575008615276592e-02,-6.778158925691236611e-19,1.243707480637226508e-04,3.310749577689508138e-15,1.622681089447244162e-19,8.571467456074394203e-25,-3.733784308807668017e-27,6.100691781755162973e-43,-2.249081825089980256e-55
-8.265579367208474455e-13,-8.606078943666396752e-02,-6.394040520295203893e-31,2.806469999719099936e-09,8.097487143384991327e-06,-1.073879134556884475e-40,4.769186413122212539e-05,1.143688924955031445e-18,-5.219396036508712450e-49,1.345992558922676381e-04,-3.013507947245194122e-10,-8.832943516502499842e-03,-3.191305506679753892e-19,4.769186413122212539e-05,9.305909152869976888e-16,4.623079095816224843e-20,1.847876399451819342e-25,-2.297429443683054935e-27,-5.813505196033436500e-43,-1.677914839005740648e-55
6.108473906586917525e-12,-1.723688395275334642e-02,1.478719067162340111e-30,1.513761981405296236e-08,-1.613278963385860588e-05,2.212892535065119347e-39,-1.010376768100664619e-04,-8.636962282577088343e-19,8.162199607752058428e-49,-1.437464195822129025e-04,1.173125539990856807e-09,1.692285186911827305e-02,6.458611857992772711e-19,-1.010376768100664619e-04,-2.166518652452181023e-15,-1.047285586450234310e-19,-4.931127340647994859e-25,3.648171904851317855e-27,-6.189734612241682696e-43,2.134734230741339233e-55
-6.916528417841992280e-12,-4.676243317911171066e-02,-1.587041344875163393e-30,-1.832965391553738993e-08,1.625862980919700853e-05,-2.961445541099954719e-39,-1.147416204501971380e-04,-4.189545530879400135e-18,-7.797644452444098875e-49,9.826819521404612883e-05,-1.252395403438667478e-09,-1.393523206832174809e-02,-6.036253149324292745e-19,-1.147416204501971380e-04,-2.614544818164715499e-15,1.010614938847124818e-19,-6.006904174876090145e-25,-1.867067868106512706e-27,1.675719615712967086e-43,-1.086030779768209898e-55
6.905512793097625030e-12,-4.620559457083782406e-02,1.581071398000116383e-30,1.837123635666344070e-08,2.018169998792879481e-05,2.954963322529956715e-39,1.269807309466915819e-04,4.373705540423573647e-18,7.754488523036985386e-49,-9.518139329963485305e-05,1.250043416228190711e-09,1.388275265233273985e-02,6.014311548945249081e-19,1.269807309466915819e-04,3.398001384523521054e-15,1.567048875496871478e-19,8.771067479551101224e-25,1.842663999249034236e-27,1.573215493998947682e-43,1.070275898376712979e-55
5.995544391534753400e-12,3.018209585591569849e-02,1.545327328003666972e-30,-1.523014518810317875e-08,1.723744646363768791e-05,2.023920201685883567e-39,-1.074840928143747462e-04,-3.280561145217454218e-18,8.690077148743945844e-49,-1.738344996234431387e-05,1.189980113144491461e-09,1.691536784055044582e-02,6.699128061023389242e-19,-1.074840928143747462e-04,-2.439337753399133329e-15,1.192474326544701440e-19,-5.726089931919061849e-25,3.663415340095273665e-27,5.808490588859304735e-43,2.191756550700140964e-55
-8.531499678488199764e-11,2.802766523514945707e-01,-5.209970278800008430e-28,-4.608843042462405549e-08,-1.950994292437305833e-06,-1.731716422627216967e-37,-4.360360056070295001e-05,-7.122878694957071670e-18,-3.659940775084479816e-45,-2.548122215778439274e-03,-1.967150517459891806e-08,-1.190289420303156653e-01,-1.221348056755035626e-16,-4.360360056070295001e-05,-2.321579935833893484e-16,-1.558249851631594968e-21,-1.812197577529889592e-26,-2.550521693574473002e-23,-8.808820326230117332e-38,-3.200451296613986728e-50
-0.000000000000000000e+00,-0.000000000000000000e+00,-0.000000000000000000e+00,-0.000000000000000000e+00,-0.000000000000000000e+00,-0.000000000000000000e+00,-0.000000000000000000e+00,-0.000000000000000000e+00,-0.000000000000000000e+00,-0.000000000000000000e+00,-0.000000000000000000e+00,-0.000000000000000000e+00,-0.000000000000000000e+00,-0.000000000000000000e+00,-0.000000000000000000e+00,-0.000000000000000000e+00,-0.000000000000000000e+00,-0.000000000000000000e+00,-0.000000000000000000e+00,-0.000000000000000000e+00
-3.863244438481036047e-14,-3.776320644996463138e-01,-2.190803006531901950e-33,-8.163669791662694958e-11,-1.085607636600658923e-05,-2.815634355626370274e-43,-9.027549371105978237e-06,-5.542509349271356142e-21,-5.767714607741543299e-52,3.522873407495784662e-03,-1.675089607577084004e-11,-1.200809413216991778e-02,9.126449265712403675e-15,-9.027549371105978237e-06,-6.717168287257907474e-17,-1.743283418447001256e-19,-1.238063669019714646e-26,-1.018813849927960322e-27,-1.479127857221009165e-41,-6.293786355828844577e-57
-5.673252605048549215e-12,4.636767305679845297e-02,-1.511783315554629002e-31,-1.621560574396944998e-08,0.000000000000000000e+00,-2.111871646125858788e-39,0.000000000000000000e+00,-3.649115514906080935e-18,-2.778381054053738409e-50,1.152214035406260318e-04,-1.757774207680655520e-10,6.244440845746243411e-03,-5.956747532557487484e-21,0.000000000000000000e+00,0.000000000000000000e+00,1.292447302472206988e-19,0.000000000000000000e+00,9.096819957506265608e-28,1.707259197519255988e-43,3.399737804467741396e-56
1.477494898852762367e-11,7.991859200154588505e-02,3.332253944540963673e-30,-5.219753143902250493e-08,-6.195325562968202174e-05,-1.704602081437503727e-38,-3.716842756280435019e-04,-2.843784959724323611e-17,1.396144204376075785e-48,2.158910675527844826e-05,2.013926899204782615e-09,-1.268650851900120224e-02,7.649885829839676455e-19,-3.716842756280435019e-04,-3.041533619888607635e-14,1.298839720337675199e-18,-1.505378575073843139e-23,-1.371053252784828640e-27,-7.420903021321258035e-44,-8.060167103849802946e-56
-9.633783721887138148e-11,2.592487346982854102e-01,-2.308248030392394073e-28,-8.401588582809933471e-08,3.034986005046039743e-06,-2.842807475107705515e-37,1.033315330000607172e-04,-2.243147801113378672e-17,-6.409469177184783897e-46,-1.656150638535685161e-03,-1.648099105189051643e-08,-5.496185217357917041e-02,-3.969620320007084729e-17,1.033315330000607172e-04,1.089276623660329627e-15,2.842962097570684948e-21,1.181458020045672133e-25,-6.258370217966991706e-25,-1.153518447274426679e-40,-3.978505425575816802e-52
-1.464306572995112332e-10,-1.286869191789650757e-01,-4.654376373674408554e-28,-1.165238544579509088e-07,-2.747944096904318060e-06,-6.254240493058865254e-37,-1.168610826731202262e-04,-3.630338094601149572e-17,-1.494468221303096832e-41,4.257015051942393373e-03,-2.392664109605636963e-08,1.774937134704529795e-01,1.429904426784359749e-16,-1.168610826731202262e-04,-1.273005985415433366e-15,-1.334596781628198649e-17,-1.341777152618605623e-25,4.123693220661895073e-22,3.407277514621822629e-35,6.676890740009099897e-49
4.593942051429830393e-15,2.206637461001842437e-01,-1.295568253095055503e-33,8.284402660225039616e-11,6.866629631246593582e-07,1.252538439978496100e-43,1.715134416927374457e-06,2.421296703093108030e-21,-6.306361421619111655e-52,1.655290688918299160e-03,-3.095941731217524904e-12,-6.283775345770906823e-03,-4.862588453730212881e-21,1.715134416927374457e-06,2.641160910660638536e-18,6.140428781338927663e-22,1.414032394557699196e-28,-7.255218072322651780e-28,1.593284508633951896e-41,-5.462729693821037365e-57
